[
  {
    "id": "c43ba060-ccba-4f8e-bce8-827569c64f84",
    "data": [
      {
        "text": "Need for regular service",
        "userDefined": false
      }
    ],
    "isTemplate": false,
    "count": 0,
    "updated": 1537089695
  },
  {
    "id": "4e65ddf1-f9a4-4edb-8b31-c9b64eb7f9aa",
    "data": [
      {
        "text": "Handle broke",
        "userDefined": false
      }
    ],
    "isTemplate": false,
    "count": 0,
    "updated": 1537089695
  },
  {
    "id": "046ac6f1-ed11-48f3-8dc0-edb13d966145",
    "data": [
      {
        "text": "Wires got burnt",
        "userDefined": false
      }
    ],
    "isTemplate": false,
    "count": 0,
    "updated": 1537089695
  },
  {
    "id": "d8489ad6-02db-4866-b5a8-ca0387e109db",
    "data": [
      {
        "text": "Behaving weirdly",
        "userDefined": false
      }
    ],
    "isTemplate": false,
    "count": 0,
    "updated": 1537089695
  },
  {
    "id": "4f45b8bf-c64e-4991-88d9-be85ee446720",
    "data": [
      {
        "text": "Short circuited",
        "userDefined": false
      }
    ],
    "isTemplate": false,
    "count": 0,
    "updated": 1537089695
  },
  {
    "id": "bfbeeac0-92ad-4218-b316-35f7ce4b9fe1",
    "data": [
      {
        "text": "Isnt working",
        "userDefined": false
      }
    ],
    "isTemplate": false,
    "count": 0,
    "updated": 1537089695
  },
  {
    "id": "465eb9ff-c662-45bb-93ba-3ed45dbad0c0",
    "data": [
      {
        "text": "My appliance broke down.",
        "userDefined": false
      }
    ],
    "isTemplate": false,
    "count": 0,
    "updated": 1537089695
  }
]