[
  {
    "id": "8dd7a136-1a7d-478b-952e-eea49b4e11c1",
    "data": [
      {
        "text": "block-22/",
        "userDefined": false
      },
      {
        "text": "7",
        "alias": "number",
        "meta": "@sys.number",
        "userDefined": false
      },
      {
        "text": ", Building no: 4A, Ras Complex, Washington-",
        "userDefined": false
      },
      {
        "text": "200938",
        "alias": "zip-code",
        "meta": "@sys.zip-code",
        "userDefined": true
      }
    ],
    "isTemplate": false,
    "count": 0,
    "updated": 1537089927
  },
  {
    "id": "dfacf601-a869-4748-8b96-0276ff9b28be",
    "data": [
      {
        "text": "FE-370,",
        "userDefined": false
      },
      {
        "text": "Salt Lake City",
        "alias": "geo-city",
        "meta": "@sys.geo-city",
        "userDefined": false
      },
      {
        "text": ",Setor-3,Kolkata-",
        "userDefined": false
      },
      {
        "text": "700106",
        "alias": "zip-code",
        "meta": "@sys.zip-code",
        "userDefined": true
      }
    ],
    "isTemplate": false,
    "count": 0,
    "updated": 1537089927
  },
  {
    "id": "05c3d760-69d3-4938-82bc-017ca07b9273",
    "data": [
      {
        "text": "Street addresses: ",
        "userDefined": false
      },
      {
        "text": "445 Mount Eden Road, Mount Eden, Auckland",
        "alias": "address",
        "meta": "@sys.address",
        "userDefined": false
      },
      {
        "text": " - ",
        "userDefined": false
      },
      {
        "text": "345678",
        "alias": "zip-code",
        "meta": "@sys.zip-code",
        "userDefined": true
      }
    ],
    "isTemplate": false,
    "count": 0,
    "updated": 1537089927
  }
]