[
  {
    "id": "137eae01-f430-4676-af25-e764df7b1da8",
    "data": [
      {
        "text": "9876543210",
        "alias": "number",
        "meta": "@sys.number",
        "userDefined": false
      }
    ],
    "isTemplate": false,
    "count": 0,
    "updated": 0
  },
  {
    "id": "7c6abdee-4ddf-48fb-9a03-38fbad9b2186",
    "data": [
      {
        "text": "+125479302",
        "alias": "number",
        "meta": "@sys.number",
        "userDefined": false
      }
    ],
    "isTemplate": false,
    "count": 0,
    "updated": 1537090131
  },
  {
    "id": "44df23fb-8d94-4cd1-bf0c-884c4dfeed05",
    "data": [
      {
        "text": "0820 2425672",
        "alias": "number",
        "meta": "@sys.number",
        "userDefined": false
      }
    ],
    "isTemplate": false,
    "count": 0,
    "updated": 1537090131
  },
  {
    "id": "9b9310f6-2f92-48a6-8488-d399d03fab25",
    "data": [
      {
        "text": "Ph: ",
        "userDefined": false
      },
      {
        "text": "+91 9876534234",
        "alias": "number",
        "meta": "@sys.number",
        "userDefined": false
      }
    ],
    "isTemplate": false,
    "count": 0,
    "updated": 1537090131
  }
]