[
  {
    "id": "f9640abf-ddf1-4242-a1f3-0f70354ce056",
    "data": [
      {
        "text": "register complaint against a GE product",
        "userDefined": false
      }
    ],
    "isTemplate": false,
    "count": 0,
    "updated": 1538520531
  },
  {
    "id": "faa432a4-68f0-4315-8a13-5b26007e3dc3",
    "data": [
      {
        "text": "GE product not functioning properly",
        "userDefined": false
      }
    ],
    "isTemplate": false,
    "count": 0,
    "updated": 1537083274
  },
  {
    "id": "62fe404d-7f1e-4a78-b11a-80d4a99425a6",
    "data": [
      {
        "text": "GE product complaint",
        "userDefined": false
      }
    ],
    "isTemplate": false,
    "count": 0,
    "updated": 1537083274
  },
  {
    "id": "11b232b8-f412-43e2-9d49-5f7143d194ea",
    "data": [
      {
        "text": "complaint against a GE product",
        "userDefined": false
      }
    ],
    "isTemplate": false,
    "count": 0,
    "updated": 1537083274
  },
  {
    "id": "eeb08e95-6296-4fcb-8490-7921a09e680b",
    "data": [
      {
        "text": "I wish to register a complain against a GE product",
        "userDefined": false
      }
    ],
    "isTemplate": false,
    "count": 0,
    "updated": 1537083274
  },
  {
    "id": "122c7f9a-a3be-49ea-b7ea-9d3d4f8fa8cc",
    "data": [
      {
        "text": "just going to say hi",
        "userDefined": false
      }
    ],
    "isTemplate": false,
    "count": 0,
    "updated": 0
  },
  {
    "id": "1ac283f8-1bde-4651-bec7-cb9d240ed348",
    "data": [
      {
        "text": "heya",
        "userDefined": false
      }
    ],
    "isTemplate": false,
    "count": 0,
    "updated": 0
  },
  {
    "id": "f8aa5235-af36-4136-a470-36206d4cf5d5",
    "data": [
      {
        "text": "hello hi",
        "userDefined": false
      }
    ],
    "isTemplate": false,
    "count": 0,
    "updated": 0
  },
  {
    "id": "50cf42a9-1208-4243-9eda-eef38130ce0a",
    "data": [
      {
        "text": "howdy",
        "userDefined": false
      }
    ],
    "isTemplate": false,
    "count": 0,
    "updated": 0
  },
  {
    "id": "8fca545e-24d7-49a6-8751-210990c4d047",
    "data": [
      {
        "text": "hey there",
        "userDefined": false
      }
    ],
    "isTemplate": false,
    "count": 0,
    "updated": 0
  },
  {
    "id": "c5991932-165f-4b68-9606-d0ad6807ef85",
    "data": [
      {
        "text": "hi there",
        "userDefined": false
      }
    ],
    "isTemplate": false,
    "count": 1,
    "updated": 0
  },
  {
    "id": "b335e638-3aff-428f-99a9-36a4fc5f7aee",
    "data": [
      {
        "text": "greetings",
        "userDefined": false
      }
    ],
    "isTemplate": false,
    "count": 0,
    "updated": 0
  },
  {
    "id": "5676fa35-26c4-46ac-9d15-c2ec19f2f1ea",
    "data": [
      {
        "text": "hey",
        "userDefined": false
      }
    ],
    "isTemplate": false,
    "count": 0,
    "updated": 0
  },
  {
    "id": "6926a4a4-ae57-4367-8e6d-957ca6eb63c2",
    "data": [
      {
        "text": "long time no see",
        "userDefined": false
      }
    ],
    "isTemplate": false,
    "count": 0,
    "updated": 0
  },
  {
    "id": "15e364b9-150e-4dfe-9bd5-1452e7453cf9",
    "data": [
      {
        "text": "hello",
        "userDefined": false
      }
    ],
    "isTemplate": false,
    "count": 0,
    "updated": 0
  },
  {
    "id": "51f4c508-5b54-4b6b-8d25-708b6c2e89c6",
    "data": [
      {
        "text": "lovely day isn\u0027t it",
        "userDefined": false
      }
    ],
    "isTemplate": false,
    "count": 0,
    "updated": 0
  },
  {
    "id": "28ec3bd1-4004-417e-981f-6cce6c029485",
    "data": [
      {
        "text": "I greet you",
        "userDefined": false
      }
    ],
    "isTemplate": false,
    "count": 0,
    "updated": 0
  },
  {
    "id": "02101643-4703-47c9-966e-ff1a305e3a1a",
    "data": [
      {
        "text": "hello again",
        "userDefined": false
      }
    ],
    "isTemplate": false,
    "count": 0,
    "updated": 0
  },
  {
    "id": "adf7c30c-c386-4a00-aebb-cfeffefd111f",
    "data": [
      {
        "text": "hi",
        "userDefined": false
      }
    ],
    "isTemplate": false,
    "count": 0,
    "updated": 0
  },
  {
    "id": "0be532da-eb7a-4d7d-b727-5982b191ac3f",
    "data": [
      {
        "text": "hello there",
        "userDefined": false
      }
    ],
    "isTemplate": false,
    "count": 0,
    "updated": 0
  },
  {
    "id": "21e89dff-275d-41d8-a8c2-5004f8db8c8f",
    "data": [
      {
        "text": "a good day",
        "userDefined": false
      }
    ],
    "isTemplate": false,
    "count": 0,
    "updated": 0
  }
]