[
  {
    "id": "bd5ef35c-81f4-4efe-ad34-521c79889990",
    "data": [
      {
        "text": "ddladia@gmail.com",
        "alias": "email",
        "meta": "@sys.email",
        "userDefined": true
      }
    ],
    "isTemplate": false,
    "count": 0,
    "updated": 1537467088
  },
  {
    "id": "a3a5f3cf-8f96-4450-b73d-6fff7b18f15e",
    "data": [
      {
        "text": "singhania.yash125@gmail.com",
        "alias": "email",
        "meta": "@sys.email",
        "userDefined": true
      }
    ],
    "isTemplate": false,
    "count": 0,
    "updated": 1537090386
  },
  {
    "id": "8b8e017e-b604-4b7d-a8ba-3fd48d152cdc",
    "data": [
      {
        "text": "dhruvladia@yahoo.com",
        "alias": "email",
        "meta": "@sys.email",
        "userDefined": true
      }
    ],
    "isTemplate": false,
    "count": 0,
    "updated": 1537090386
  },
  {
    "id": "9a912d6c-4dd8-421f-a915-7796600b26d3",
    "data": [
      {
        "text": "dakshaladia1996@gmail.com",
        "alias": "email",
        "meta": "@sys.email",
        "userDefined": true
      }
    ],
    "isTemplate": false,
    "count": 0,
    "updated": 1537090386
  },
  {
    "id": "f7aa0b74-81a5-406d-8067-0cc13b083c5c",
    "data": [
      {
        "text": "ddladia58@hotmail.com",
        "alias": "email",
        "meta": "@sys.email",
        "userDefined": true
      }
    ],
    "isTemplate": false,
    "count": 0,
    "updated": 1537090386
  }
]