[
  {
    "id": "7b9fa3de-f64d-40e1-8f50-25b48970673c",
    "data": [
      {
        "text": "erwtyrow",
        "alias": "modelnumber",
        "meta": "@modelnumber",
        "userDefined": true
      }
    ],
    "isTemplate": false,
    "count": 0,
    "updated": 1538508285
  },
  {
    "id": "385da306-e72e-43cc-a2d6-1d90d362e31d",
    "data": [
      {
        "text": "ADGHRIEY",
        "alias": "modelnumber",
        "meta": "@modelnumber",
        "userDefined": true
      }
    ],
    "isTemplate": false,
    "count": 0,
    "updated": 1538508285
  },
  {
    "id": "25b7de4f-36a4-4a9f-ba0a-9d800076860e",
    "data": [
      {
        "text": "tyew465",
        "alias": "modelnumber",
        "meta": "@modelnumber",
        "userDefined": true
      }
    ],
    "isTemplate": false,
    "count": 0,
    "updated": 1538508285
  },
  {
    "id": "76442365-3920-415a-b3b6-7a45bd250864",
    "data": [
      {
        "text": "12345678",
        "alias": "modelnumber",
        "meta": "@modelnumber",
        "userDefined": true
      }
    ],
    "isTemplate": false,
    "count": 0,
    "updated": 1538508285
  },
  {
    "id": "252cbf69-9b69-41f0-86d2-d0575121a2c3",
    "data": [
      {
        "text": "3426546",
        "alias": "modelnumber",
        "meta": "@modelnumber",
        "userDefined": false
      }
    ],
    "isTemplate": false,
    "count": 0,
    "updated": 1538508285
  },
  {
    "id": "a9e0e7a7-a0e5-4a8b-a452-42d5944b6be6",
    "data": [
      {
        "text": "57489569456",
        "alias": "modelnumber",
        "meta": "@modelnumber",
        "userDefined": false
      }
    ],
    "isTemplate": false,
    "count": 0,
    "updated": 1538508285
  },
  {
    "id": "3a76cfc3-a89d-4375-8652-7590517445eb",
    "data": [
      {
        "text": "Model no: ",
        "userDefined": false
      },
      {
        "text": "34s7dg9K",
        "alias": "modelnumber",
        "meta": "@modelnumber",
        "userDefined": true
      }
    ],
    "isTemplate": false,
    "count": 0,
    "updated": 1538508285
  },
  {
    "id": "963e6501-dc6b-4b49-9991-cc4bf09c93ec",
    "data": [
      {
        "text": "sdHfeirjsK",
        "alias": "modelnumber",
        "meta": "@modelnumber",
        "userDefined": true
      }
    ],
    "isTemplate": false,
    "count": 0,
    "updated": 1538508285
  },
  {
    "id": "28707a45-69cc-4109-b99f-8eb0b7825636",
    "data": [
      {
        "text": "12357829",
        "alias": "modelnumber",
        "meta": "@modelnumber",
        "userDefined": false
      }
    ],
    "isTemplate": false,
    "count": 0,
    "updated": 1538508285
  },
  {
    "id": "ca7afd5a-e1d1-48bb-9f29-ae703d13ffae",
    "data": [
      {
        "text": "model number :",
        "userDefined": false
      },
      {
        "text": "12da3478Ahd",
        "alias": "modelnumber",
        "meta": "@modelnumber",
        "userDefined": true
      }
    ],
    "isTemplate": false,
    "count": 0,
    "updated": 1538508285
  }
]