[
  {
    "id": "94d218d4-d619-45dc-999f-913b84b42f34",
    "data": [
      {
        "text": "Dishwasher",
        "userDefined": false
      }
    ],
    "isTemplate": false,
    "count": 0,
    "updated": 1537085566
  },
  {
    "id": "9921f7b3-5d8a-40c2-9e7e-3b15ae0ebc22",
    "data": [
      {
        "text": "Microwave",
        "userDefined": false
      }
    ],
    "isTemplate": false,
    "count": 0,
    "updated": 1537085566
  },
  {
    "id": "7f636a7a-5594-4567-815d-961228efc3fd",
    "data": [
      {
        "text": "Cooking Range",
        "userDefined": false
      }
    ],
    "isTemplate": false,
    "count": 0,
    "updated": 1537085566
  },
  {
    "id": "620f9c91-ee98-449a-9c32-08047f27b08b",
    "data": [
      {
        "text": "Washing Machine",
        "userDefined": false
      }
    ],
    "isTemplate": false,
    "count": 0,
    "updated": 1537085566
  },
  {
    "id": "d70dff80-98b0-49b0-9347-cc9521a704dd",
    "data": [
      {
        "text": "Air Conditioner",
        "userDefined": false
      }
    ],
    "isTemplate": false,
    "count": 0,
    "updated": 1537085566
  },
  {
    "id": "59dfaeeb-b877-4ec1-958e-ad6c341f7f24",
    "data": [
      {
        "text": "AC",
        "userDefined": false
      }
    ],
    "isTemplate": false,
    "count": 0,
    "updated": 1537085566
  },
  {
    "id": "040fecfe-1914-48ce-bfcd-b78a2ddbcec4",
    "data": [
      {
        "text": "Fridge",
        "userDefined": false
      }
    ],
    "isTemplate": false,
    "count": 0,
    "updated": 1537085566
  },
  {
    "id": "4416c74c-1b76-4c03-a289-ffbe109a2454",
    "data": [
      {
        "text": "Refridgerator",
        "userDefined": false
      }
    ],
    "isTemplate": false,
    "count": 0,
    "updated": 1537085566
  }
]