[
  {
    "id": "c89b8188-d078-486e-836e-61e069bfc271",
    "data": [
      {
        "text": "daksha",
        "alias": "name",
        "meta": "@name",
        "userDefined": true
      }
    ],
    "isTemplate": false,
    "count": 0,
    "updated": 1538521175
  },
  {
    "id": "59a5d371-171e-46e8-8131-0227b76b1806",
    "data": [
      {
        "text": "Satyanarayan Sahu",
        "alias": "name",
        "meta": "@name",
        "userDefined": true
      }
    ],
    "isTemplate": false,
    "count": 0,
    "updated": 1538521175
  },
  {
    "id": "5404de04-fe28-47cb-b8a9-c8efd9f7a9d3",
    "data": [
      {
        "text": "Reeya Raykar",
        "alias": "name",
        "meta": "@name",
        "userDefined": true
      }
    ],
    "isTemplate": false,
    "count": 2,
    "updated": 1538521175
  },
  {
    "id": "b924b61d-2798-4ade-a40a-2f43665ea996",
    "data": [
      {
        "text": "Daksha Ladia",
        "alias": "name",
        "meta": "@name",
        "userDefined": true
      }
    ],
    "isTemplate": false,
    "count": 1,
    "updated": 1538521175
  },
  {
    "id": "920cf6df-1fcf-4fa4-812f-732da51be3b7",
    "data": [
      {
        "text": "Miley Cyrus",
        "alias": "name",
        "meta": "@name",
        "userDefined": true
      }
    ],
    "isTemplate": false,
    "count": 0,
    "updated": 1538521175
  },
  {
    "id": "08f6ffe6-08b2-47b3-89ce-a0efebd4f069",
    "data": [
      {
        "text": "I am called ",
        "userDefined": false
      },
      {
        "text": "Rakesh Sharma",
        "alias": "name",
        "meta": "@name",
        "userDefined": true
      }
    ],
    "isTemplate": false,
    "count": 0,
    "updated": 1538521175
  },
  {
    "id": "bad2666d-eb83-4dc3-a204-f89878be8f0f",
    "data": [
      {
        "text": "Name : ",
        "userDefined": false
      },
      {
        "text": "Deepika Padukone",
        "alias": "name",
        "meta": "@name",
        "userDefined": true
      }
    ],
    "isTemplate": false,
    "count": 0,
    "updated": 1538521175
  },
  {
    "id": "2995d010-5ce1-44d4-904a-71b8fa2268b5",
    "data": [
      {
        "text": "My name is ",
        "userDefined": false
      },
      {
        "text": "Bill Gates",
        "alias": "name",
        "meta": "@name",
        "userDefined": true
      }
    ],
    "isTemplate": false,
    "count": 0,
    "updated": 1538521175
  },
  {
    "id": "aae92574-ab1c-402c-92d9-44f5aa4f02d4",
    "data": [
      {
        "text": "John Green",
        "alias": "name",
        "meta": "@name",
        "userDefined": true
      }
    ],
    "isTemplate": false,
    "count": 0,
    "updated": 1538521175
  }
]