[
  {
    "id": "97005275-6d4d-4a41-9465-5da388ea83b5",
    "data": [
      {
        "text": "RFA",
        "alias": "serialnumber",
        "meta": "@serialnumber",
        "userDefined": true
      },
      {
        "text": "34567",
        "userDefined": false
      }
    ],
    "isTemplate": false,
    "count": 0,
    "updated": 1538525638
  },
  {
    "id": "ba498fef-0613-40a3-8f15-180faaffd3c2",
    "data": [
      {
        "text": "RFA",
        "alias": "serialnumber",
        "meta": "@serialnumber",
        "userDefined": true
      },
      {
        "text": "1235YD",
        "userDefined": false
      }
    ],
    "isTemplate": false,
    "count": 0,
    "updated": 1538525638
  }
]