[
  {
    "id": "63e7c282-8943-42f9-a0ed-ef366d63234c",
    "data": [
      {
        "text": "friday",
        "alias": "date",
        "meta": "@sys.date",
        "userDefined": false
      }
    ],
    "isTemplate": false,
    "count": 0,
    "updated": 1537548425
  },
  {
    "id": "15b79e86-5bf0-45fe-8bd3-e0470df28ab0",
    "data": [
      {
        "text": "monday",
        "alias": "date",
        "meta": "@sys.date",
        "userDefined": false
      }
    ],
    "isTemplate": false,
    "count": 0,
    "updated": 1537548425
  },
  {
    "id": "03a3041c-ba51-42a7-94c6-2eb711a852c3",
    "data": [
      {
        "text": "monday tuesday wednesday",
        "alias": "date",
        "meta": "@sys.date",
        "userDefined": false
      }
    ],
    "isTemplate": false,
    "count": 0,
    "updated": 1537548425
  }
]